{
  "$schema": "http://json-schema.org/draft-07/schema#",
  "title": "AtlasEnvelope",
  "type": "object",
  "required": ["actor_id", "intent", "target"],
  "properties": {
    "actor_id": {"type": "string"},
    "intent": {"type": "string"},
    "target": {"type": "string"},
    "constraints": {"type": "array", "items": {"type": "string"}},
    "allowed_tools": {"type": "array", "items": {"type": "string"}},
    "shadow_write": {"type": "boolean", "default": true},
    "audit_hash": {"type": "string"}
  }
}
