{
  "pack": "architect_pack",
  "results": {
    "analysis": "{\"summary\": \"Implement \\nFeature: Universe Health Dashboard\\nDescription: Real-time health monitoring for all layers\\nLayer: universe\\nPillar: impact\\nSource: Luhmann\\n\\nRequirements:\\n- Layer health scores\\n- Connectivity metrics\\n- Feedback loop visualization\\n- Prediction accuracy tracking\\n\\nAPI Endpoints:\\n- /universe/health\\n- /universe/feedback-loop\\n- /universe/metrics\\n\\nFiles to generate:\\n- core/universe/health.py\\n- core/universe/feedback.py\\n- web/src/HealthDashboard.jsx\\n\", \"files\": [\"src/feature.py\", \"tests/test_feature.py\"], \"dependencies\": [\"fastapi\"], \"complexity\": \"medium\", \"steps\": [\"1. Design\", \"2. Implement\", \"3. Test\"]}"
  },
  "status": "success",
  "mode": "mock"
}