{
  "pack": "architect_pack",
  "results": {
    "analysis": "```json\n{\n  \"summary\": \"A meta-level system that continuously monitors reality event streams to automatically detect patterns and anomalies, then generates feature specifications and triggers evolutionary improvements without human intervention.\",\n  \n  \"required_files\": [\n    \"src/meta/pattern_analyzer.py\",\n    \"src/meta/anomaly_detector.py\",\n    \"src/meta/spec_generator.py\",\n    \"src/meta/auto_evolution_manager.py\",\n    \"src/meta/learning_engine.py\",\n    \"src/meta/routes/meta_routes.py\",\n    \"src/meta/models/pattern_model.py\",\n    \"src/meta/models/need_model.py\",\n    \"templates/auto_spec_template.yaml\",\n    \"config/pattern_detection_config.yaml\",\n    \"tests/test_auto_spec_generator.py\",\n    \"docs/auto_spec_generator.md\"\n  ],\n  \n  \"dependencies\": [\n    \"Reality Events system (layer 1)\",\n    \"Evolution Orchestrator\",\n    \"Feature backlog management system\",\n    \"YAML processing library\",\n    \"Pattern recognition/ML libraries (scikit-learn, pandas)\",\n    \"Event streaming infrastructure\",\n    \"Priority queue system\",\n    \"Notification system for triggered evolutions\"\n  ],\n  \n  \"estimated_complexity\": \"high\",\n  \n  \"implementation_steps\": [\n    \"Set up event stream monitoring and data collection pipeline\",\n    \"Implement pattern detection algorithms with configurable thresholds\",\n    \"Build anomaly detection system using statistical/ML methods\",\n    \"Create YAML spec generation engine with template system\",\n    \"Develop backlog integration with priority assignment logic\",\n    \"Implement Evolution Orchestrator triggering mechanism\",\n    \"Build self-learning system to improve from successful evolutions\",\n    \"Create API endpoints for monitoring and manual triggers\",\n    \"Implement comprehensive logging and metrics collection\",\n    \"Add safeguards to prevent runaway auto-generation\",\n    \"Create testing framework with synthetic event patterns\",\n    \"Document configuration options and monitoring procedures\"\n  ]\n}\n```"
  },
  "status": "success",
  "mode": "live"
}