{
  "pack": "architect_pack",
  "results": {
    "analysis": "```json\n{\n  \"summary\": \"A feature called 'docker_fix' located in the 3_worlds layer under the information pillar, though specific functionality and requirements are not defined in the provided description.\",\n  \n  \"required_files\": [\n    \"docker_fix/\",\n    \"docker_fix/__init__.py\",\n    \"docker_fix/main.py\",\n    \"docker_fix/config.py\",\n    \"docker_fix/requirements.txt\",\n    \"docker_fix/Dockerfile\",\n    \"docker_fix/docker-compose.yml\",\n    \"tests/test_docker_fix.py\"\n  ],\n  \n  \"dependencies\": [\n    \"Docker runtime environment\",\n    \"Python Docker SDK (docker-py)\",\n    \"Base framework for 3_worlds layer\",\n    \"Information pillar infrastructure\",\n    \"Logging framework\",\n    \"Configuration management system\"\n  ],\n  \n  \"estimated_complexity\": \"medium\",\n  \n  \"implementation_steps\": [\n    \"1. Set up project structure in 3_worlds/information/docker_fix/\",\n    \"2. Define Docker-related issue detection and resolution logic\",\n    \"3. Implement core docker_fix functionality and error handling\",\n    \"4. Create configuration files for Docker environment setup\",\n    \"5. Develop API endpoints for Docker diagnostics and fixes\",\n    \"6. Add integration with existing information pillar services\",\n    \"7. Write comprehensive tests for Docker fix scenarios\",\n    \"8. Create documentation and deployment configurations\",\n    \"9. Implement monitoring and logging for Docker operations\",\n    \"10. Conduct testing in containerized environment and deploy\"\n  ]\n}\n```"
  },
  "status": "success",
  "mode": "live"
}