{
  "pack": "architect_pack",
  "results": {
    "analysis": "```json\n{\n  \"summary\": \"This feature implements a real-time analytics dashboard that aggregates IoT events, ranks top events, and detects anomalies. It provides analytical insights through summary and trend endpoints to help users understand event patterns and identify unusual activity.\",\n  \n  \"required_files\": [\n    \"src/3_worlds/information/analytics/event_analytics.py\",\n    \"src/3_worlds/information/analytics/aggregators.py\", \n    \"src/3_worlds/information/analytics/anomaly_detector.py\",\n    \"src/3_worlds/information/analytics/trend_analyzer.py\",\n    \"src/3_worlds/information/analytics/dashboard.py\",\n    \"src/3_worlds/information/analytics/__init__.py\",\n    \"tests/3_worlds/information/analytics/test_event_analytics.py\",\n    \"tests/3_worlds/information/analytics/test_anomaly_detector.py\",\n    \"api/analytics.py\",\n    \"schemas/analytics_schemas.py\"\n  ],\n  \n  \"dependencies\": [\n    \"pandas\",\n    \"numpy\", \n    \"scikit-learn\",\n    \"redis\",\n    \"influxdb-client\",\n    \"asyncio\",\n    \"fastapi\",\n    \"pydantic\",\n    \"plotly\",\n    \"websockets\"\n  ],\n  \n  \"estimated_complexity\": \"high\",\n  \n  \"implementation_steps\": [\n    \"Create analytics data models and schemas for events, aggregations, and anomalies\",\n    \"Implement event aggregation engine with time-based grouping (hourly, daily, weekly)\",\n    \"Build ranking system to identify and score top events by frequency/severity\",\n    \"Develop anomaly detection using statistical methods (z-score, isolation forest)\",\n    \"Create trend analysis module for pattern recognition and forecasting\",\n    \"Implement real-time data streaming pipeline with WebSocket support\",\n    \"Build API endpoints for analytics summary and trends with pagination\",\n    \"Create caching layer using Redis for performance optimization\",\n    \"Develop dashboard components for visualization and alerts\",\n    \"Add comprehensive testing for analytics algorithms and API endpoints\",\n    \"Implement monitoring and logging for analytics performance\",\n    \"Create documentation for analytics metrics and API usage\"\n  ]\n}\n```"
  },
  "status": "success",
  "mode": "live"
}