{
  "started_at": "2025-12-06T12:27:14.257725",
  "completed_at": "2025-12-06T12:30:04.931898",
  "steps": [
    {
      "step": "load_spec",
      "success": true,
      "timestamp": "2025-12-06T12:27:14.258074",
      "details": {
        "spec": {
          "api_endpoints": [],
          "description": "",
          "files": [],
          "layer": "3_worlds",
          "name": "docker_fix",
          "pillar": "information",
          "requirements": []
        }
      }
    },
    {
      "step": "architect",
      "success": true,
      "timestamp": "2025-12-06T12:27:25.677376",
      "details": {
        "output_path": "evolved/docker_fix_architecture.json"
      }
    },
    {
      "step": "codegen",
      "success": true,
      "timestamp": "2025-12-06T12:30:04.409220",
      "details": {
        "files_generated": 5,
        "paths": [
          "evolved/docker_fix",
          "evolved/__init__.py",
          "evolved/main.py",
          "evolved/config.py",
          "evolved/requirements.txt"
        ]
      }
    },
    {
      "step": "tests",
      "success": true,
      "timestamp": "2025-12-06T12:30:04.883475",
      "details": {
        "syntax_check": true
      }
    },
    {
      "step": "git_commit",
      "success": true,
      "timestamp": "2025-12-06T12:30:04.931880",
      "details": {
        "message": "feat(evolution): docker_fix - auto-generated by AUTUS"
      }
    }
  ],
  "success": true
}