{
  "pack": "architect_pack",
  "results": {
    "analysis": "```json\n{\n  \"summary\": \"A machine learning-powered growth coaching system that analyzes user data to predict growth trajectories and recommend personalized interventions. This intelligence layer service provides predictive analytics and actionable insights to help users achieve their growth objectives.\",\n  \n  \"required_files\": [\n    \"src/features/growth_engine/controllers/growth_controller.py\",\n    \"src/features/growth_engine/services/prediction_service.py\",\n    \"src/features/growth_engine/services/coaching_service.py\",\n    \"src/features/growth_engine/services/experiment_service.py\",\n    \"src/features/growth_engine/models/growth_model.py\",\n    \"src/features/growth_engine/models/prediction_model.py\",\n    \"src/features/growth_engine/models/intervention_model.py\",\n    \"src/features/growth_engine/schemas/growth_schemas.py\",\n    \"src/features/growth_engine/ml/feature_extractor.py\",\n    \"src/features/growth_engine/ml/predictor.py\",\n    \"src/features/growth_engine/ml/recommendation_engine.py\",\n    \"src/features/growth_engine/routes.py\",\n    \"src/features/growth_engine/__init__.py\",\n    \"tests/features/growth_engine/test_growth_controller.py\",\n    \"tests/features/growth_engine/test_prediction_service.py\",\n    \"tests/features/growth_engine/test_ml_components.py\"\n  ],\n  \n  \"dependencies\": [\n    \"scikit-learn\",\n    \"pandas\",\n    \"numpy\",\n    \"joblib\",\n    \"scipy\",\n    \"matplotlib\",\n    \"seaborn\",\n    \"sqlalchemy\",\n    \"pydantic\",\n    \"fastapi\",\n    \"celery\",\n    \"redis\",\n    \"database service\",\n    \"user management service\",\n    \"analytics service\"\n  ],\n  \n  \"estimated_complexity\": \"high\",\n  \n  \"implementation_steps\": [\n    {\n      \"step\": 1,\n      \"task\": \"Design database schema for growth metrics, predictions, and experiments\",\n      \"details\": \"Create tables for user growth data, feature vectors, prediction results, and A/B test tracking\"\n    },\n    {\n      \"step\": 2,\n      \"task\": \"Implement data models and Pydantic schemas\",\n      \"details\": \"Define GrowthModel, PredictionModel, InterventionModel with proper validation\"\n    },\n    {\n      \"step\": 3,\n      \"task\": \"Build feature extraction pipeline\",\n      \"details\": \"Create FeatureExtractor to process raw user data into ML-ready feature vectors\"\n    },\n    {\n      \"step\": 4,\n      \"task\": \"Develop prediction algorithms\",\n      \"details\": \"Implement machine learning models for growth trajectory forecasting using time series analysis\"\n    },\n    {\n      \"step\": 5,\n      \"task\": \"Create recommendation engine\",\n      \"details\": \"Build system to suggest personalized interventions based on user profile and prediction results\"\n    },\n    {\n      \"step\": 6,\n      \"task\": \"Implement core services\",\n      \"details\": \"Build PredictionService, CoachingService, and ExperimentService with business logic\"\n    },\n    {\n      \"step\": 7,\n      \"task\": \"Develop API controllers and routes\",\n      \"details\": \"Create GrowthController with endpoints for features, predictions, interventions, and experiment tracking\"\n    },\n    {\n      \"step\": 8,\n      \"task\": \"Add model training and updating capabilities\",\n      \"details\": \"Implement background tasks for periodic model retraining and performance monitoring\"\n    },\n    {\n      \"step\": 9,\n      \"task\": \"Integrate A/B testing framework\",\n      \"details\": \"Build experiment tracking system to measure intervention effectiveness\"\n    },\n    {\n      \"step\": 10,\n      \"task\": \"Write comprehensive tests and documentation\",\n      \"details\": \"Create unit tests, integration tests, and API documentation with example usage\"\n    }\n  ]\n}\n```"
  },
  "status": "success",
  "mode": "live"
}