{
  "pack": "architect_pack",
  "results": {
    "analysis": "```json\n{\n  \"summary\": \"A device-to-device memory synchronization feature that allows users to securely transfer encrypted local memory data between devices using QR codes for pairing and transfer.\",\n  \"required_files\": [\n    \"src/lib/memory/sync.ts\",\n    \"src/lib/memory/export.ts\",\n    \"src/lib/memory/import.ts\",\n    \"src/lib/memory/conflict-resolver.ts\",\n    \"src/lib/crypto/memory-encryption.ts\",\n    \"src/components/QRGenerator.tsx\",\n    \"src/components/QRScanner.tsx\",\n    \"src/components/MemorySync.tsx\",\n    \"src/routes/api/memory/export/+server.ts\",\n    \"src/routes/api/memory/import/+server.ts\",\n    \"src/types/memory-sync.ts\"\n  ],\n  \"dependencies\": [\n    \"qrcode (QR generation)\",\n    \"qr-scanner or jsqr (QR scanning)\",\n    \"crypto-js or Web Crypto API (encryption)\",\n    \"existing memory system\",\n    \"device camera access permissions\"\n  ],\n  \"estimated_complexity\": \"high\",\n  \"implementation_steps\": [\n    \"1. Design memory export/import data structures and encryption schema\",\n    \"2. Implement memory encryption/decryption utilities\",\n    \"3. Create memory export functionality with data serialization\",\n    \"4. Build QR code generation for encrypted memory packages\",\n    \"5. Implement QR scanner component with camera access\",\n    \"6. Create memory import and validation logic\",\n    \"7. Design and implement conflict resolution algorithms (timestamp-based, user-choice, or merge strategies)\",\n    \"8. Build API endpoints for export/import operations\",\n    \"9. Create UI components for sync workflow\",\n    \"10. Add error handling for network issues, encryption failures, and format mismatches\",\n    \"11. Implement progress indicators for large memory transfers\",\n    \"12. Add comprehensive testing for encryption, sync conflicts, and edge cases\"\n  ]\n}\n```"
  },
  "status": "success",
  "mode": "live"
}