{
  "pack": "architect_pack",
  "results": {
    "analysis": "```json\n{\n  \"summary\": \"A pack scheduler system that enables automated execution of packs at specified times using cron-like syntax, with queue management and execution tracking capabilities.\",\n  \"required_files\": [\n    \"src/layers/4_packs/scheduler/scheduler_service.py\",\n    \"src/layers/4_packs/scheduler/cron_parser.py\",\n    \"src/layers/4_packs/scheduler/job_queue.py\",\n    \"src/layers/4_packs/scheduler/models.py\",\n    \"src/layers/4_packs/scheduler/api.py\",\n    \"src/layers/4_packs/scheduler/history_manager.py\",\n    \"src/layers/4_packs/scheduler/__init__.py\",\n    \"tests/layers/4_packs/scheduler/test_scheduler.py\",\n    \"tests/layers/4_packs/scheduler/test_cron_parser.py\",\n    \"migrations/add_scheduler_tables.py\"\n  ],\n  \"dependencies\": [\n    \"croniter or similar cron parsing library\",\n    \"celery or similar task queue system\",\n    \"database models for jobs and execution history\",\n    \"pack execution engine from same layer\",\n    \"logging system\",\n    \"datetime utilities\"\n  ],\n  \"estimated_complexity\": \"medium\",\n  \"implementation_steps\": [\n    \"Design database schema for scheduled jobs and execution history\",\n    \"Implement cron expression parser and validator\",\n    \"Create job queue management system with priority handling\",\n    \"Build scheduler service with job registration and execution logic\",\n    \"Implement execution history tracking and retention policies\",\n    \"Create API endpoints for job management and history retrieval\",\n    \"Add background worker process for job execution\",\n    \"Implement error handling and retry mechanisms\",\n    \"Add monitoring and alerting for failed executions\",\n    \"Create comprehensive tests for scheduling edge cases\"\n  ]\n}\n```"
  },
  "status": "success",
  "mode": "live"
}