{
  "pack": "architect_pack",
  "results": {
    "analysis": "```json\n{\n  \"summary\": \"A prediction engine feature that processes and analyzes data to generate predictive insights, positioned in the worlds layer as an information pillar component.\",\n  \"required_files\": [\n    \"src/worlds/prediction_engine/core.py\",\n    \"src/worlds/prediction_engine/models/predictor.py\",\n    \"src/worlds/prediction_engine/services/prediction_service.py\",\n    \"src/worlds/prediction_engine/api/endpoints.py\",\n    \"src/worlds/prediction_engine/schemas/prediction_schemas.py\",\n    \"src/worlds/prediction_engine/utils/data_processor.py\",\n    \"tests/worlds/prediction_engine/test_prediction_engine.py\",\n    \"docs/prediction_engine_api.md\"\n  ],\n  \"dependencies\": [\n    \"scikit-learn or tensorflow/pytorch for ML models\",\n    \"pandas for data manipulation\",\n    \"numpy for numerical computations\",\n    \"fastapi for API endpoints\",\n    \"pydantic for data validation\",\n    \"redis or similar for caching predictions\",\n    \"database connector (sqlalchemy/asyncpg)\",\n    \"logging framework\"\n  ],\n  \"estimated_complexity\": \"high\",\n  \"implementation_steps\": [\n    \"1. Design prediction model architecture and data schemas\",\n    \"2. Implement core prediction algorithms and model training pipeline\",\n    \"3. Create data preprocessing and feature engineering utilities\",\n    \"4. Develop prediction service with caching and error handling\",\n    \"5. Build API endpoints for prediction requests and model management\",\n    \"6. Implement model versioning and A/B testing capabilities\",\n    \"7. Add monitoring and performance metrics collection\",\n    \"8. Create comprehensive tests for all prediction scenarios\",\n    \"9. Document API usage and model interpretation guides\",\n    \"10. Set up CI/CD pipeline for model deployment and updates\"\n  ]\n}\n```"
  },
  "status": "success",
  "mode": "live"
}