{
  "pack": "architect_pack",
  "results": {
    "analysis": "```json\n{\n  \"summary\": \"This feature implements a minimal reality stream system that receives IoT device events and updates a Digital Twin graph representation in real-time. It serves as a bridge between physical IoT devices and their digital counterparts.\",\n  \n  \"required_files\": [\n    \"reality_stream_minimal.py\",\n    \"iot_event_handler.py\",\n    \"twin_graph_updater.py\",\n    \"config.py\",\n    \"requirements.txt\",\n    \"README.md\",\n    \"tests/test_reality_stream.py\",\n    \"models/iot_event.py\",\n    \"models/twin_graph.py\"\n  ],\n  \n  \"dependencies\": [\n    \"IoT message broker (MQTT/Apache Kafka)\",\n    \"Graph database or in-memory graph library\",\n    \"JSON parsing library\",\n    \"Logging framework\",\n    \"Event streaming platform\",\n    \"Digital Twin data model\",\n    \"Network connectivity libraries\",\n    \"Configuration management\"\n  ],\n  \n  \"estimated_complexity\": \"medium\",\n  \n  \"implementation_steps\": [\n    \"Design IoT event data model and schema\",\n    \"Set up IoT event listener/subscriber component\",\n    \"Create Digital Twin graph data structure\",\n    \"Implement event parsing and validation logic\",\n    \"Build twin graph update mechanism\",\n    \"Add error handling and logging\",\n    \"Create configuration management system\",\n    \"Implement basic filtering and routing\",\n    \"Add monitoring and health checks\",\n    \"Write unit and integration tests\",\n    \"Create documentation and usage examples\"\n  ]\n}\n```"
  },
  "status": "success",
  "mode": "live"
}