{
  "pack": "architect_pack",
  "results": {
    "analysis": "```json\n{\n  \"summary\": \"This feature implements IoT sensor integration for Reality Events, providing device registration, data collection, and management capabilities through REST API endpoints. It enables real-world sensor data to be integrated into virtual reality experiences.\",\n  \n  \"required_files\": [\n    \"src/integration/device_manager.py\",\n    \"src/integration/device_registry.py\",\n    \"src/integration/sensor_data_handler.py\",\n    \"src/api/routes/devices.py\",\n    \"src/models/device.py\",\n    \"src/models/sensor_data.py\",\n    \"src/services/device_service.py\",\n    \"src/utils/device_validators.py\",\n    \"tests/integration/test_device_integration.py\",\n    \"tests/api/test_device_routes.py\",\n    \"config/device_config.py\",\n    \"migrations/create_devices_table.sql\",\n    \"migrations/create_sensor_data_table.sql\"\n  ],\n  \n  \"dependencies\": [\n    \"fastapi\",\n    \"sqlalchemy\",\n    \"pydantic\",\n    \"asyncio\",\n    \"aiohttp\",\n    \"redis\",\n    \"pytest\",\n    \"mqtt-client\",\n    \"websockets\",\n    \"cryptography\"\n  ],\n  \n  \"estimated_complexity\": \"medium\",\n  \n  \"implementation_steps\": [\n    {\n      \"step\": 1,\n      \"description\": \"Create database models for devices and sensor data with proper schema design\"\n    },\n    {\n      \"step\": 2,\n      \"description\": \"Implement device registration system with authentication and validation\"\n    },\n    {\n      \"step\": 3,\n      \"description\": \"Develop device service layer for CRUD operations and status management\"\n    },\n    {\n      \"step\": 4,\n      \"description\": \"Create API routes for all device endpoints with proper request/response handling\"\n    },\n    {\n      \"step\": 5,\n      \"description\": \"Implement sensor data ingestion pipeline with real-time processing capabilities\"\n    },\n    {\n      \"step\": 6,\n      \"description\": \"Add device status monitoring and health check functionality\"\n    },\n    {\n      \"step\": 7,\n      \"description\": \"Implement security measures including device authentication and data encryption\"\n    },\n    {\n      \"step\": 8,\n      \"description\": \"Create comprehensive testing suite for device integration and API endpoints\"\n    },\n    {\n      \"step\": 9,\n      \"description\": \"Add error handling, logging, and monitoring for device operations\"\n    }\n  ]\n}\n```"
  },
  "status": "success",
  "mode": "live"
}