{
  "pack": "architect_pack",
  "results": {
    "analysis": "```json\n{\n  \"summary\": \"A reality protocol feature that operates at the 3_worlds layer focusing on information management, though specific requirements and API endpoints are not detailed in the request.\",\n  \"required_files\": [\n    \"reality_protocol/\",\n    \"reality_protocol/__init__.py\",\n    \"reality_protocol/core.py\",\n    \"reality_protocol/api/\",\n    \"reality_protocol/api/__init__.py\",\n    \"reality_protocol/api/endpoints.py\",\n    \"reality_protocol/models/\",\n    \"reality_protocol/models/__init__.py\",\n    \"reality_protocol/models/reality_model.py\",\n    \"reality_protocol/services/\",\n    \"reality_protocol/services/__init__.py\",\n    \"reality_protocol/services/information_service.py\",\n    \"reality_protocol/config.py\",\n    \"reality_protocol/exceptions.py\",\n    \"tests/test_reality_protocol.py\",\n    \"docs/reality_protocol.md\"\n  ],\n  \"dependencies\": [\n    \"FastAPI or Flask (for API endpoints)\",\n    \"Pydantic (for data validation)\",\n    \"SQLAlchemy or similar ORM (for data persistence)\",\n    \"Requests (for external API calls if needed)\",\n    \"Logging framework\",\n    \"Configuration management library\"\n  ],\n  \"estimated_complexity\": \"medium\",\n  \"implementation_steps\": [\n    \"1. Define the reality protocol specification and data models\",\n    \"2. Create the core protocol engine and information processing logic\",\n    \"3. Implement the 3_worlds layer abstraction and interfaces\",\n    \"4. Design and implement API endpoints for protocol interaction\",\n    \"5. Add information pillar services (storage, retrieval, validation)\",\n    \"6. Implement error handling and logging mechanisms\",\n    \"7. Create configuration management for different reality contexts\",\n    \"8. Write comprehensive tests for all components\",\n    \"9. Document the protocol specification and API usage\",\n    \"10. Add monitoring and performance optimization\"\n  ]\n}\n```"
  },
  "status": "success",
  "mode": "live"
}