{
  "pack": "architect_pack",
  "results": {
    "analysis": "```json\n{\n  \"summary\": \"A comprehensive data sovereignty layer that provides cryptographic ownership tokens, permission validation, data signing, and audit logging for AUTUS OS with privacy-by-design architecture. This layer ensures users maintain complete control over their data through Zero ID integration and local-only storage.\",\n  \"required_files\": [\n    \"src/layers/2_sovereign/sovereign_layer.py\",\n    \"src/layers/2_sovereign/token_manager.py\",\n    \"src/layers/2_sovereign/permission_validator.py\",\n    \"src/layers/2_sovereign/crypto_signer.py\",\n    \"src/layers/2_sovereign/audit_logger.py\",\n    \"src/layers/2_sovereign/consent_manager.py\",\n    \"src/layers/2_sovereign/storage/local_storage.py\",\n    \"src/layers/2_sovereign/models/ownership_token.py\",\n    \"src/layers/2_sovereign/models/permission.py\",\n    \"src/layers/2_sovereign/models/audit_entry.py\",\n    \"src/layers/2_sovereign/models/consent_record.py\",\n    \"src/layers/2_sovereign/api/sovereign_routes.py\",\n    \"tests/test_sovereign_layer.py\",\n    \"config/sovereign_config.yaml\"\n  ],\n  \"dependencies\": [\n    \"Zero ID system (Layer 1)\",\n    \"Cryptography library (for signing/verification)\",\n    \"Local database (SQLite or similar)\",\n    \"FastAPI (for API endpoints)\",\n    \"Pydantic (for data models)\",\n    \"UUID library (for token generation)\",\n    \"Datetime utilities\",\n    \"JSON logging framework\",\n    \"File system access controls\"\n  ],\n  \"estimated_complexity\": \"high\",\n  \"implementation_steps\": [\n    \"1. Set up local storage infrastructure with encryption at rest\",\n    \"2. Implement Zero ID integration for user identification\",\n    \"3. Create cryptographic token generation and validation system\",\n    \"4. Build permission validation engine with role-based access control\",\n    \"5. Implement data signing with digital signatures and verification\",\n    \"6. Develop comprehensive audit logging system with immutable trails\",\n    \"7. Create consent management system with granular permissions\",\n    \"8. Build API endpoints with proper authentication and authorization\",\n    \"9. Implement local-only storage constraints and data isolation\",\n    \"10. Add comprehensive testing for security and privacy features\",\n    \"11. Create monitoring and alerting for unauthorized access attempts\",\n    \"12. Document security architecture and compliance features\"\n  ]\n}\n```"
  },
  "status": "success",
  "mode": "live"
}