{
  "pack": "architect_pack",
  "results": {
    "analysis": "```json\n{\n  \"summary\": \"This feature request appears incomplete, containing only metadata for a 'twin_realtime_sync' feature in the information pillar of layer 3_worlds, but lacks actual requirements and API endpoint specifications.\",\n  \n  \"required_files\": [\n    \"Unable to determine - insufficient information provided\"\n  ],\n  \n  \"dependencies\": [\n    \"Unknown - no requirements or technical details specified\"\n  ],\n  \n  \"estimated_complexity\": \"unknown\",\n  \n  \"implementation_steps\": [\n    \"1. Gather complete feature requirements and specifications\",\n    \"2. Define API endpoints and data structures\",\n    \"3. Clarify the scope of 'twin_realtime_sync' functionality\",\n    \"4. Identify system dependencies and integration points\",\n    \"5. Create detailed technical design document\",\n    \"6. Reassess complexity and provide accurate implementation plan\"\n  ],\n  \n  \"notes\": \"This feature request is incomplete and missing critical information including detailed requirements, API endpoint definitions, and technical specifications needed for proper analysis and implementation planning.\"\n}\n```"
  },
  "status": "success",
  "mode": "live"
}