{
  "pack": "architect_pack",
  "results": {
    "analysis": "```json\n{\n  \"summary\": \"A workflow engine feature for the information pillar that manages and executes automated business processes and task sequences within the application's world layer.\",\n  \n  \"required_files\": [\n    \"src/worlds/workflow_engine/workflow_engine.py\",\n    \"src/worlds/workflow_engine/workflow_executor.py\",\n    \"src/worlds/workflow_engine/workflow_manager.py\",\n    \"src/worlds/workflow_engine/task_scheduler.py\",\n    \"src/worlds/workflow_engine/workflow_state.py\",\n    \"src/worlds/workflow_engine/workflow_models.py\",\n    \"src/worlds/workflow_engine/workflow_validators.py\",\n    \"src/worlds/workflow_engine/workflow_serializers.py\",\n    \"src/worlds/workflow_engine/workflow_views.py\",\n    \"src/worlds/workflow_engine/workflow_urls.py\",\n    \"tests/worlds/test_workflow_engine.py\",\n    \"docs/workflow_engine_api.md\",\n    \"migrations/add_workflow_engine_models.py\"\n  ],\n  \n  \"dependencies\": [\n    \"Database ORM (Django/SQLAlchemy)\",\n    \"Task queue system (Celery/RQ)\",\n    \"REST framework\",\n    \"Authentication system\",\n    \"Logging framework\",\n    \"JSON schema validation library\",\n    \"State machine library (optional)\",\n    \"Message broker (Redis/RabbitMQ)\"\n  ],\n  \n  \"estimated_complexity\": \"high\",\n  \n  \"implementation_steps\": [\n    \"1. Design workflow data models (workflows, tasks, executions, states)\",\n    \"2. Implement workflow definition and validation system\",\n    \"3. Create workflow execution engine with state management\",\n    \"4. Build task scheduler and queue integration\",\n    \"5. Develop workflow management APIs (CRUD operations)\",\n    \"6. Implement workflow monitoring and logging\",\n    \"7. Create workflow execution APIs (start, pause, resume, cancel)\",\n    \"8. Add workflow template and versioning support\",\n    \"9. Implement error handling and retry mechanisms\",\n    \"10. Create comprehensive test suite and documentation\"\n  ]\n}\n```"
  },
  "status": "success",
  "mode": "live"
}