{
  "timestamp": "2025-12-07T09:01:50.077743",
  "total": 52,
  "passed": 51,
  "percentage": 98.1,
  "grade": "🥇 EXCELLENT - 우수",
  "results": {
    "헌법": [
      {
        "name": "헌법 문서 존재",
        "passed": true,
        "detail": "docs/CONSTITUTION.md"
      },
      {
        "name": "13법칙 정의 완료",
        "passed": true,
        "detail": ""
      },
      {
        "name": "불변 조항 명시",
        "passed": true,
        "detail": ""
      },
      {
        "name": "승계 조항 명시",
        "passed": true,
        "detail": "docs/SUCCESSION.md"
      }
    ],
    "스펙": [
      {
        "name": "PROTOCOL.md - 전체 프로토콜",
        "passed": true,
        "detail": "spec/PROTOCOL.md"
      },
      {
        "name": "PACK_FORMAT.md - Pack 형식",
        "passed": true,
        "detail": "spec/PACK_FORMAT.md"
      },
      {
        "name": "SYNC_FORMAT.md - 동기화 형식",
        "passed": true,
        "detail": "spec/SYNC_FORMAT.md"
      },
      {
        "name": "누구나 구현 가능한 상세함",
        "passed": true,
        "detail": "290줄"
      }
    ],
    "Oracle": [
      {
        "name": "collector.py 존재",
        "passed": true,
        "detail": "oracle/collector.py"
      },
      {
        "name": "selector.py 존재",
        "passed": true,
        "detail": "oracle/selector.py"
      },
      {
        "name": "evolution.py 존재",
        "passed": true,
        "detail": "oracle/evolution.py"
      },
      {
        "name": "compassion.py 존재",
        "passed": true,
        "detail": "oracle/compassion.py"
      },
      {
        "name": "collector 데이터 수집 작동",
        "passed": true,
        "detail": ""
      },
      {
        "name": "selector 자연선택 작동",
        "passed": true,
        "detail": ""
      },
      {
        "name": "evolution 집단진화 작동",
        "passed": true,
        "detail": ""
      },
      {
        "name": "compassion 자비검증 작동",
        "passed": true,
        "detail": ""
      }
    ],
    "Marketplace": [
      {
        "name": "registry.py 존재",
        "passed": true,
        "detail": "marketplace/registry.py"
      },
      {
        "name": "search.py 존재",
        "passed": true,
        "detail": "marketplace/search.py"
      },
      {
        "name": "Pack 등록 가능",
        "passed": true,
        "detail": ""
      },
      {
        "name": "Pack 다운로드 가능",
        "passed": true,
        "detail": ""
      },
      {
        "name": "Pack 평가 가능",
        "passed": true,
        "detail": ""
      },
      {
        "name": "Pack 검색 가능",
        "passed": true,
        "detail": ""
      }
    ],
    "Sync": [
      {
        "name": "core.py 존재",
        "passed": true,
        "detail": "protocols/sync/core.py"
      },
      {
        "name": "qr.py 존재",
        "passed": true,
        "detail": "protocols/sync/qr.py"
      },
      {
        "name": "local.py 존재",
        "passed": true,
        "detail": "protocols/sync/local.py"
      },
      {
        "name": "QR 동기화 페이로드 생성",
        "passed": true,
        "detail": ""
      },
      {
        "name": "로컬 네트워크 동기화",
        "passed": true,
        "detail": ""
      },
      {
        "name": "금지 필드 자동 제거",
        "passed": false,
        "detail": ""
      },
      {
        "name": "서버 없이 작동",
        "passed": true,
        "detail": "P2P 구조"
      }
    ],
    "Evolution": [
      {
        "name": "analyzer.py 존재",
        "passed": true,
        "detail": "evolution/analyzer.py"
      },
      {
        "name": "generator.py 존재",
        "passed": true,
        "detail": "evolution/generator.py"
      },
      {
        "name": "improver.py 존재",
        "passed": true,
        "detail": "evolution/improver.py"
      },
      {
        "name": "코드 자기 분석 가능",
        "passed": true,
        "detail": "167개 파일"
      },
      {
        "name": "Pack 자동 생성 가능",
        "passed": true,
        "detail": ""
      },
      {
        "name": "Pack 자동 개선 가능",
        "passed": true,
        "detail": ""
      },
      {
        "name": "메타-순환 증명 (자기 분석)",
        "passed": true,
        "detail": ""
      }
    ],
    "Succession": [
      {
        "name": "guardian.py 존재",
        "passed": true,
        "detail": "succession/guardian.py"
      },
      {
        "name": "handover.py 존재",
        "passed": true,
        "detail": "succession/handover.py"
      },
      {
        "name": "수호자 등록 가능",
        "passed": true,
        "detail": ""
      },
      {
        "name": "승계 트리거 설정 가능",
        "passed": true,
        "detail": ""
      },
      {
        "name": "권한 이양 프로세스 작동",
        "passed": true,
        "detail": ""
      },
      {
        "name": "Seho 없이 운영 가능 구조",
        "passed": true,
        "detail": ""
      }
    ],
    "테스트": [
      {
        "name": "전체 테스트 통과",
        "passed": true,
        "detail": "116 passed"
      },
      {
        "name": "API 테스트 통과",
        "passed": true,
        "detail": "116개 테스트"
      },
      {
        "name": "프로토콜 테스트 통과",
        "passed": true,
        "detail": ""
      }
    ],
    "문서": [
      {
        "name": "README 완성",
        "passed": true,
        "detail": "README.md"
      },
      {
        "name": "구조 문서 완성",
        "passed": true,
        "detail": "docs/STRUCTURE.md"
      },
      {
        "name": "API 문서 완성",
        "passed": true,
        "detail": "/docs 자동 생성"
      },
      {
        "name": "시작 가이드 완성",
        "passed": true,
        "detail": ""
      }
    ],
    "배포": [
      {
        "name": "GitHub 공개",
        "passed": true,
        "detail": ""
      },
      {
        "name": "버전 태그",
        "passed": true,
        "detail": ""
      },
      {
        "name": "라이선스 명시",
        "passed": true,
        "detail": "LICENSE"
      }
    ]
  }
}