{
  "features": [
    {"id": 0, "name": "attendance", "slot": "Sensors"},
    {"id": 1, "name": "grade", "slot": "Brain"},
    {"id": 2, "name": "work_hour", "slot": "Engines"},
    {"id": 3, "name": "payment", "slot": "Base"},
    {"id": 4, "name": "visa_status", "slot": "Boundary"},
    {"id": 5, "name": "health", "slot": "Heart"},
    {"id": 6, "name": "compliance", "slot": "Core"},
    {"id": 7, "name": "pressure", "slot": "Sensors"},
    {"id": 8, "name": "resource", "slot": "Base"},
    {"id": 9, "name": "risk", "slot": "Boundary"}
  ]
}
