{
  "scorecard_id": "ScoreCard::University",
  "version": "1.0.0",
  "entity_type": "university",
  "description": "대학 성과 측정 - 출석 피드, GPA 피드, 학과 참여도, 학비 데이터 품질",
  "max_score": 100,
  
  "metrics": [
    {
      "metric_id": "attendance_feed",
      "name": "출석 Feed 완성도",
      "weight": 0.35,
      "max_points": 35,
      "calculation_type": "percentage",
      "data_source": "uni_attendance_feeds",
      "update_frequency": "daily",
      "thresholds": {
        "excellent": 0.95,
        "good": 0.85,
        "fair": 0.70,
        "poor": 0.50
      }
    },
    {
      "metric_id": "gpa_feed",
      "name": "GPA Feed 완성도",
      "weight": 0.25,
      "max_points": 25,
      "calculation_type": "percentage",
      "data_source": "uni_gpa_feeds",
      "update_frequency": "weekly",
      "thresholds": {
        "excellent": 0.95,
        "good": 0.85,
        "fair": 0.70,
        "poor": 0.50
      }
    },
    {
      "metric_id": "department_participation",
      "name": "학과 참여도",
      "weight": 0.20,
      "max_points": 20,
      "calculation_type": "threshold",
      "data_source": "uni_departments",
      "update_frequency": "monthly",
      "thresholds": {
        "excellent": 10,
        "good": 5,
        "fair": 3,
        "poor": 1
      }
    },
    {
      "metric_id": "tuition_data_quality",
      "name": "학비 데이터 품질",
      "weight": 0.20,
      "max_points": 20,
      "calculation_type": "percentage",
      "data_source": "uni_tuition_data",
      "update_frequency": "monthly",
      "thresholds": {
        "excellent": 0.98,
        "good": 0.90,
        "fair": 0.80,
        "poor": 0.60
      }
    }
  ],
  
  "tiers": [
    {
      "tier_name": "Partner University",
      "min_score": 85,
      "max_score": 100,
      "benefits": [
        "브랜드 파트너십 공동 마케팅",
        "우선 학생 추천",
        "실시간 대시보드",
        "전담 지원팀"
      ],
      "badge": "🎓"
    },
    {
      "tier_name": "Active University",
      "min_score": 65,
      "max_score": 84,
      "benefits": [
        "표준 학생 추천",
        "주간 리포트",
        "기술 지원"
      ],
      "badge": "📚"
    },
    {
      "tier_name": "Onboarding",
      "min_score": 40,
      "max_score": 64,
      "benefits": [
        "온보딩 지원",
        "기본 서비스"
      ],
      "badge": "🔄"
    },
    {
      "tier_name": "Inactive",
      "min_score": 0,
      "max_score": 39,
      "benefits": [],
      "badge": "⚠️"
    }
  ],
  
  "decay_rules": {
    "enabled": true,
    "decay_rate_per_day": 0.05,
    "minimum_score": 15,
    "exemption_conditions": [
      "vacation_period",
      "api_maintenance",
      "semester_break"
    ]
  },
  
  "audit_config": {
    "rekor_log": true,
    "hash_algorithm": "sha256",
    "immutable_fields": [
      "scorecard_id",
      "entity_id",
      "score_history"
    ]
  },
  
  "delta_overrides": {
    "PH": {
      "metrics": [
        {
          "metric_id": "attendance_feed",
          "thresholds": {
            "excellent": 0.90,
            "good": 0.80,
            "fair": 0.65,
            "poor": 0.45
          }
        }
      ]
    }
  }
}
