{
  "hello@1.0.0": {
    "id": "hello@1.0.0",
    "name": "hello",
    "version": "1.0.0",
    "description": "간단한 인사 Pack",
    "author": "AUTUS",
    "license": "MIT",
    "tags": [],
    "cells_count": 1,
    "hash": "d78861ceb2f00f87",
    "registered_at": "2025-12-06T23:47:00.332003",
    "downloads": 0,
    "rating": {
      "score": 0,
      "count": 0
    },
    "path": "packs/examples/hello.yaml"
  },
  "summarizer@1.0.0": {
    "id": "summarizer@1.0.0",
    "name": "summarizer",
    "version": "1.0.0",
    "description": "텍스트 요약 Pack",
    "author": "AUTUS",
    "license": "MIT",
    "tags": [],
    "cells_count": 1,
    "hash": "105a9e74d2493a78",
    "registered_at": "2025-12-06T23:47:00.333283",
    "downloads": 0,
    "rating": {
      "score": 0,
      "count": 0
    },
    "path": "packs/examples/summarizer.yaml"
  },
  "translator@1.0.0": {
    "id": "translator@1.0.0",
    "name": "translator",
    "version": "1.0.0",
    "description": "번역 Pack",
    "author": "AUTUS",
    "license": "MIT",
    "tags": [],
    "cells_count": 1,
    "hash": "10686ac13176e122",
    "registered_at": "2025-12-06T23:47:00.334159",
    "downloads": 0,
    "rating": {
      "score": 0,
      "count": 0
    },
    "path": "packs/examples/translator.yaml"
  }
}