{
  "schema_id": "autus.sovereign.v1",
  "schema_version": "1.0.0",
  "subject_id": "Z_abc123def456",
  "packet_id": "pkt_sample_001",
  "jurisdiction": "KR",
  "data_type": "preference",
  "issued_at": "2025-12-06T08:30:00Z",
  "valid_from": "2025-12-06T08:30:00Z",
  "valid_until": null,
  "ownership": {
    "owner_id": "Z_abc123def456",
    "token_id": "tok_sample_001",
    "issued_by": "autus.os",
    "proof_type": "sha256_signature"
  },
  "permissions": [
    {
      "grantee_id": "Z_abc123def456",
      "level": "admin",
      "granted_at": "2025-12-06T08:30:00Z",
      "expires_at": null,
      "conditions": null
    },
    {
      "grantee_id": "pack_school",
      "level": "read",
      "granted_at": "2025-12-06T08:30:00Z",
      "expires_at": "2026-12-06T08:30:00Z",
      "conditions": {
        "purpose": "education_pathway"
      }
    }
  ],
  "consent": {
    "consent_id": "con_sample_001",
    "purpose": "Store user preferences for personalized experience",
    "granted_at": "2025-12-06T08:30:00Z",
    "expires_at": null,
    "revocable": true,
    "data_categories": ["preference", "settings"]
  },
  "audit_context": {
    "created_at": "2025-12-06T08:30:00Z",
    "created_by": "Z_abc123def456",
    "source_system": "autus.os",
    "operation": "preference_update",
    "previous_hash": null
  },
  "signature": {
    "algorithm": "sha256",
    "signer_id": "Z_abc123def456",
    "timestamp": "2025-12-06T08:30:00Z",
    "value": "a1b2c3d4e5f6g7h8i9j0k1l2m3n4o5p6q7r8s9t0",
    "public_key_hint": "Z_abc...456"
  },
  "payload": {
    "timezone": "Asia/Seoul",
    "language": "ko",
    "theme": "dark",
    "notifications": {
      "email": false,
      "push": true,
      "sms": false
    },
    "privacy_level": "strict"
  },
  "tags": ["user_preferences", "settings", "privacy"],
  "metadata": {
    "client_version": "1.0.0",
    "device_type": "web",
    "import_source": "manual"
  }
}


