{
  "feature": "AUTUS Unified Data OS",
  "version": "1.0.0",
  "benchmarks": ["Apple", "Google", "Tesla", "Palantir", "ByteDance", "OpenAI", "Philosophers"],
  
  "specs": {
    "apple": {
      "name": "Privacy-by-Architecture",
      "layer": "sovereign",
      "requirements": {
        "local_compute_engine": "디바이스 내에서 모든 원본 데이터 처리",
        "secure_enclave": "암호화 키는 디바이스에만 존재",
        "consent_ui": "모든 권한 요청을 투명하게 표시"
      },
      "data_levels": {
        "L0": "Raw data - 디바이스 밖 이동 금지",
        "L1": "로컬 1차 가공 - 사용자 소유",
        "L2": "요약 데이터 - 서버 전송 가능",
        "L3": "지표 데이터 - 서버 전송 가능"
      },
      "apis": [
        "/sovereign/local/process",
        "/sovereign/local/delete",
        "/sovereign/privacy/status"
      ],
      "kpis": {
        "raw_data_leakage": 0,
        "device_compute_latency_ms": 150,
        "privacy_audit_pass_rate": 1.0
      }
    },
    
    "google": {
      "name": "Federated Learning",
      "layer": "twin",
      "requirements": {
        "update_compression": "Gradient 크기 최대 90% 압축",
        "noise_injection": "Differential Privacy 적용",
        "aggregation_server": "단일 서버가 업데이트만 통합"
      },
      "apis": [
        "/twin/federated/update",
        "/twin/federated/aggregate",
        "/twin/federated/model"
      ],
      "kpis": {
        "model_improvement_rate": 0.10,
        "privacy_loss_epsilon": 1.0
      }
    },
    
    "tesla": {
      "name": "Reality Event Compression",
      "layer": "events",
      "requirements": {
        "event_windowing": "1초/5초/30초 단위 집계",
        "realtime_queue": "Kafka 수준의 Event Bus",
        "lossy_compression": "평균 90% 데이터 축소"
      },
      "pipeline": "Raw Event → Vector Summary → Graph Node Update",
      "apis": [
        "POST /events/ingest",
        "POST /events/compress",
        "POST /events/twin-update"
      ],
      "kpis": {
        "event_latency_ms": 100,
        "twin_update_accuracy": 0.95
      }
    },
    
    "palantir": {
      "name": "Context Graph Model",
      "layer": "worlds",
      "requirements": {
        "entity_types": ["User", "City", "Pack", "Workflow", "Event"],
        "edge_types": ["influence", "affects", "depends_on", "produces"],
        "ontology_enforcement": "모든 엔티티/엣지는 Schema 강제"
      },
      "functions": [
        "Graph Query Engine",
        "Ontology Validation",
        "Temporal Graph replay"
      ],
      "apis": [
        "/graph/node/add",
        "/graph/edge/add",
        "/graph/ontology/validate",
        "/graph/query"
      ],
      "kpis": {
        "graph_consistency_rate": 1.0,
        "query_time_ms": 50
      }
    },
    
    "bytedance": {
      "name": "Impact Prediction Engine",
      "layer": "impact",
      "requirements": {
        "ranking_model": "Pack 실행 결과 점수화",
        "embedding_layer": "User, Pack, Event → Dense Vector",
        "interest_shift_detector": "Intent 변화 감지"
      },
      "online_learning_interval_min": 1,
      "apis": [
        "/impact/predict",
        "/impact/update",
        "/impact/ranking"
      ],
      "kpis": {
        "ranking_latency_ms": 30
      }
    },
    
    "openai": {
      "name": "Behavior Signal Telemetry",
      "layer": "telemetry",
      "requirements": {
        "zero_raw_logs": "동작 원본 기록 금지",
        "summary_signals_only": "fixed schema 요약 신호만"
      },
      "signals": [
        "Pack 실행 성공률",
        "Pack latency",
        "User friction index",
        "Workflow transition frequency"
      ],
      "apis": [
        "/telemetry/pack",
        "/telemetry/workflow",
        "/telemetry/summary"
      ]
    },
    
    "philosophers": {
      "arendt": {
        "name": "Identity as Action",
        "requirement": "Pack 실행이 정체성 점수(Intention Vector)에 반영됨",
        "api": "/identity/update-intention"
      },
      "luhmann": {
        "name": "System Recursion",
        "requirement": "Impact가 다음 Intent 재조정에 사용됨",
        "api": "/universe/feedback-loop"
      },
      "mcluhan": {
        "name": "Twin as Extension of Human",
        "requirement": "Twin Worlds는 시각적, 공간적 실체성 필요",
        "api": "/twin/render"
      },
      "deutsch": {
        "name": "Knowledge Growth Model",
        "requirement": "미래 예측 정확도 증가를 핵심 지표로",
        "api": "/impact/improvement-score"
      }
    }
  },
  
  "produce": [
    "System Architecture",
    "Required Files",
    "API Endpoints",
    "Data Flow Diagram",
    "Graph/Ontology Definitions",
    "Local Processing Requirements",
    "Federated Update Logic",
    "Event Compression Logic",
    "Impact Prediction Engine",
    "Validation Tests"
  ],
  
  "layers_mapping": {
    "1_identity": "intent (Arendt)",
    "2_sovereign": "context + intent (Apple)",
    "3_worlds": "information + context (Palantir)",
    "4_packs": "intent + impact (ByteDance)",
    "universe": "impact (Luhmann feedback)"
  }
}




